-- MySQL dump 10.13  Distrib 8.0.36, for Win64 (x86_64)
--
-- Host: 127.0.0.1    Database: mbank
-- ------------------------------------------------------
-- Server version	5.5.5-10.4.32-MariaDB

/*!40101 SET @OLD_CHARACTER_SET_CLIENT=@@CHARACTER_SET_CLIENT */;
/*!40101 SET @OLD_CHARACTER_SET_RESULTS=@@CHARACTER_SET_RESULTS */;
/*!40101 SET @OLD_COLLATION_CONNECTION=@@COLLATION_CONNECTION */;
/*!50503 SET NAMES utf8 */;
/*!40103 SET @OLD_TIME_ZONE=@@TIME_ZONE */;
/*!40103 SET TIME_ZONE='+00:00' */;
/*!40014 SET @OLD_UNIQUE_CHECKS=@@UNIQUE_CHECKS, UNIQUE_CHECKS=0 */;
/*!40014 SET @OLD_FOREIGN_KEY_CHECKS=@@FOREIGN_KEY_CHECKS, FOREIGN_KEY_CHECKS=0 */;
/*!40101 SET @OLD_SQL_MODE=@@SQL_MODE, SQL_MODE='NO_AUTO_VALUE_ON_ZERO' */;
/*!40111 SET @OLD_SQL_NOTES=@@SQL_NOTES, SQL_NOTES=0 */;

--
-- Table structure for table `accounts`
--

DROP TABLE IF EXISTS `accounts`;
/*!40101 SET @saved_cs_client     = @@character_set_client */;
/*!50503 SET character_set_client = utf8mb4 */;
CREATE TABLE `accounts` (
  `id` int(11) NOT NULL AUTO_INCREMENT,
  `user_id` int(11) NOT NULL,
  `account_number` varchar(20) NOT NULL,
  `account_type` enum('checking','savings','business') DEFAULT 'checking',
  `balance` decimal(15,2) DEFAULT 0.00,
  `currency` varchar(3) DEFAULT 'HUF',
  `status` enum('active','suspended','closed') DEFAULT 'active',
  `created_at` timestamp NOT NULL DEFAULT current_timestamp(),
  `card_number` varchar(19) DEFAULT NULL,
  PRIMARY KEY (`id`),
  UNIQUE KEY `account_number` (`account_number`),
  KEY `user_id` (`user_id`),
  KEY `idx_account_number` (`account_number`),
  CONSTRAINT `accounts_ibfk_1` FOREIGN KEY (`user_id`) REFERENCES `users` (`id`)
) ENGINE=InnoDB AUTO_INCREMENT=40 DEFAULT CHARSET=utf8mb4 COLLATE=utf8mb4_general_ci;
/*!40101 SET character_set_client = @saved_cs_client */;

--
-- Dumping data for table `accounts`
--

LOCK TABLES `accounts` WRITE;
/*!40000 ALTER TABLE `accounts` DISABLE KEYS */;
INSERT INTO `accounts` VALUES (1,1,'HU421234567890123456','checking',100000.00,'HUF','active','2025-03-28 13:19:16',NULL),(2,16,'MB857524688','checking',10291.00,'HUF','active','2025-03-30 16:29:18',NULL),(3,17,'MB25006118','checking',1155.00,'HUF','active','2025-03-31 06:44:48',NULL),(5,19,'MB359098486','checking',51101.00,'HUF','active','2025-04-02 08:16:54','3787 7407 7512 3228'),(6,20,'MB541006425','checking',20498.00,'HUF','active','2025-04-02 08:30:42','2163 7926 9307 2224'),(7,21,'MB664257382','checking',33543088.00,'HUF','active','2025-04-02 12:56:58','2210 5416 4358 3817'),(8,22,'MB896367729','checking',50494600.00,'HUF','active','2025-04-06 05:26:46','9731 5701 2175 8996'),(9,23,'MB503191011','checking',500000.00,'HUF','active','2025-04-07 08:51:28','5983 7542 5924 9453'),(11,25,'MB443389502','checking',5500005.00,'HUF','active','2025-04-07 08:55:54','3155 8643 5780 4000'),(12,26,'MB458219317','checking',498708.00,'HUF','active','2025-04-08 07:57:08','4836 3643 2581 8650'),(13,27,'MB120894652','checking',1013465.00,'HUF','active','2025-04-08 08:05:58','3987 1244 2343 8645');
/*!40000 ALTER TABLE `accounts` ENABLE KEYS */;
UNLOCK TABLES;

--
-- Table structure for table `login_logs`
--

DROP TABLE IF EXISTS `login_logs`;
/*!40101 SET @saved_cs_client     = @@character_set_client */;
/*!50503 SET character_set_client = utf8mb4 */;
CREATE TABLE `login_logs` (
  `id` int(11) NOT NULL AUTO_INCREMENT,
  `user_id` int(11) NOT NULL,
  `login_time` timestamp NOT NULL DEFAULT current_timestamp(),
  `ip_address` varchar(45) DEFAULT NULL,
  `was_successful` tinyint(1) DEFAULT NULL,
  PRIMARY KEY (`id`),
  KEY `user_id` (`user_id`),
  CONSTRAINT `login_logs_ibfk_1` FOREIGN KEY (`user_id`) REFERENCES `users` (`id`)
) ENGINE=InnoDB AUTO_INCREMENT=283 DEFAULT CHARSET=utf8mb4 COLLATE=utf8mb4_general_ci;
/*!40101 SET character_set_client = @saved_cs_client */;

--
-- Dumping data for table `login_logs`
--

LOCK TABLES `login_logs` WRITE;
/*!40000 ALTER TABLE `login_logs` DISABLE KEYS */;
INSERT INTO `login_logs` VALUES (7,16,'2025-04-02 07:31:48','192.168.1.18',1),(8,16,'2025-04-02 07:35:21','192.168.1.18',1),(10,16,'2025-04-02 07:37:40','192.168.1.18',1),(11,16,'2025-04-02 07:38:18','192.168.1.18',1),(12,16,'2025-04-02 07:54:59','192.168.1.18',1),(13,16,'2025-04-02 07:56:59','192.168.1.18',1),(14,16,'2025-04-02 07:59:57','192.168.1.18',1),(15,16,'2025-04-02 08:00:53','192.168.1.18',1),(16,16,'2025-04-02 08:04:33','192.168.1.18',1),(17,16,'2025-04-02 08:07:39','192.168.1.18',1),(19,19,'2025-04-02 08:17:34','192.168.1.18',1),(20,19,'2025-04-02 08:18:26','192.168.1.18',1),(21,19,'2025-04-02 08:20:22','192.168.1.18',1),(22,19,'2025-04-02 08:23:59','192.168.1.18',1),(23,19,'2025-04-02 08:24:28','192.168.1.18',1),(24,19,'2025-04-02 08:25:24','192.168.1.18',1),(25,20,'2025-04-02 08:30:54','192.168.1.18',1),(26,19,'2025-04-02 08:50:55','192.168.1.18',1),(27,19,'2025-04-02 08:57:33','192.168.1.18',1),(28,19,'2025-04-02 08:58:37','192.168.1.18',1),(29,19,'2025-04-02 09:07:51','192.168.1.18',1),(30,19,'2025-04-02 09:08:45','192.168.1.18',1),(31,19,'2025-04-02 09:10:31','192.168.1.18',1),(32,19,'2025-04-02 09:13:05','192.168.1.18',1),(33,19,'2025-04-02 09:15:18','192.168.1.18',1),(34,20,'2025-04-02 09:24:28','192.168.1.18',1),(35,19,'2025-04-02 09:44:53','192.168.1.18',1),(36,19,'2025-04-02 09:46:23','192.168.1.18',1),(37,19,'2025-04-02 09:49:05','192.168.1.18',1),(38,19,'2025-04-02 09:55:08','192.168.1.18',1),(39,19,'2025-04-02 12:49:36','192.168.1.18',1),(40,19,'2025-04-02 12:51:32','192.168.1.18',1),(41,20,'2025-04-02 12:53:59','192.168.1.18',1),(43,21,'2025-04-02 12:57:07','192.168.1.18',1),(44,19,'2025-04-02 12:57:32','192.168.1.18',1),(45,21,'2025-04-02 12:58:11','192.168.1.18',1),(46,21,'2025-04-02 13:05:19','192.168.1.18',1),(47,21,'2025-04-02 14:24:18','192.168.1.18',1),(48,21,'2025-04-02 14:26:49','192.168.1.18',1),(49,21,'2025-04-02 14:31:46','192.168.1.18',1),(50,19,'2025-04-02 14:32:51','192.168.1.18',1),(51,21,'2025-04-02 14:33:27','192.168.1.18',1),(52,21,'2025-04-02 14:33:57','192.168.1.18',1),(53,21,'2025-04-02 14:35:23','192.168.1.18',1),(54,21,'2025-04-02 14:39:44','192.168.1.18',1),(55,21,'2025-04-02 14:41:56','192.168.1.18',1),(56,21,'2025-04-02 14:43:23','192.168.1.18',1),(57,21,'2025-04-02 14:45:55','192.168.1.18',1),(58,21,'2025-04-02 14:46:26','192.168.1.18',1),(59,21,'2025-04-02 14:49:27','192.168.1.18',1),(60,21,'2025-04-02 14:54:56','192.168.1.18',1),(61,21,'2025-04-02 14:57:18','192.168.1.18',1),(62,21,'2025-04-02 14:59:21','192.168.1.18',1),(63,21,'2025-04-02 15:00:18','192.168.1.18',1),(64,20,'2025-04-02 15:00:57','192.168.1.18',1),(65,21,'2025-04-02 15:03:24','192.168.1.18',1),(66,20,'2025-04-02 15:03:38','192.168.1.18',1),(67,21,'2025-04-02 15:05:41','192.168.1.18',1),(68,21,'2025-04-02 15:09:45','192.168.1.18',1),(69,21,'2025-04-02 15:10:07','192.168.1.18',1),(70,21,'2025-04-02 15:12:13','192.168.1.18',1),(71,20,'2025-04-02 15:21:04','192.168.1.18',1),(72,21,'2025-04-02 15:24:20','192.168.1.18',1),(73,21,'2025-04-02 13:26:56','192.168.1.18',1),(74,20,'2025-04-02 13:27:31','192.168.1.18',1),(75,21,'2025-04-02 13:29:34','192.168.1.18',1),(76,21,'2025-04-02 13:32:07','192.168.1.18',1),(77,20,'2025-04-02 13:32:53','192.168.1.18',1),(78,21,'2025-04-02 13:35:04','192.168.1.18',1),(79,21,'2025-04-02 13:39:28','192.168.1.18',1),(80,21,'2025-04-03 06:57:57','192.168.1.18',1),(81,21,'2025-04-03 07:52:36','192.168.1.18',1),(82,21,'2025-04-03 07:54:55','192.168.1.18',1),(83,21,'2025-04-03 07:56:18','192.168.1.18',1),(84,21,'2025-04-03 07:57:58','192.168.1.18',1),(85,21,'2025-04-03 08:00:39','192.168.1.18',1),(86,21,'2025-04-03 08:03:41','192.168.1.18',1),(87,21,'2025-04-03 08:07:47','192.168.1.18',1),(88,21,'2025-04-03 08:09:34','192.168.1.18',1),(89,21,'2025-04-03 08:11:09','192.168.1.18',1),(90,21,'2025-04-03 08:12:18','192.168.1.18',1),(91,21,'2025-04-03 08:23:56','192.168.1.18',1),(92,21,'2025-04-03 08:32:20','192.168.1.18',1),(93,21,'2025-04-03 08:35:14','192.168.1.18',1),(94,21,'2025-04-03 08:37:13','192.168.1.18',1),(95,20,'2025-04-03 08:40:10','192.168.1.18',0),(96,20,'2025-04-03 08:40:18','192.168.1.18',1),(97,20,'2025-04-03 08:44:19','192.168.1.18',1),(98,20,'2025-04-03 08:45:04','192.168.1.18',1),(99,20,'2025-04-03 08:46:51','192.168.1.18',1),(100,20,'2025-04-03 08:48:04','192.168.1.18',1),(101,20,'2025-04-03 08:49:09','192.168.1.18',1),(102,20,'2025-04-03 08:55:46','192.168.1.18',1),(103,20,'2025-04-03 08:58:09','192.168.1.18',1),(104,20,'2025-04-03 09:07:17','192.168.1.18',1),(105,20,'2025-04-03 09:11:20','192.168.1.18',1),(106,20,'2025-04-03 09:13:31','192.168.1.18',1),(107,20,'2025-04-03 09:14:34','192.168.1.18',1),(108,20,'2025-04-03 09:16:13','192.168.1.18',1),(109,21,'2025-04-04 04:02:52','192.168.1.18',1),(110,21,'2025-04-04 04:13:10','192.168.1.18',1),(111,21,'2025-04-04 04:15:49','192.168.1.18',1),(112,21,'2025-04-04 04:17:17','192.168.1.18',1),(113,21,'2025-04-04 04:19:34','192.168.1.18',1),(114,21,'2025-04-04 04:25:46','192.168.1.18',1),(115,21,'2025-04-04 04:27:49','192.168.1.18',1),(116,21,'2025-04-04 04:55:08','192.168.1.18',1),(117,21,'2025-04-04 05:01:46','192.168.1.18',1),(118,21,'2025-04-04 05:05:17','192.168.1.18',1),(119,21,'2025-04-04 05:09:00','192.168.1.18',1),(120,21,'2025-04-04 05:13:11','192.168.1.18',1),(121,21,'2025-04-04 05:13:42','192.168.1.18',1),(122,21,'2025-04-04 05:15:44','192.168.1.18',1),(123,21,'2025-04-04 05:20:12','192.168.1.18',1),(124,21,'2025-04-04 05:22:43','192.168.1.18',1),(125,21,'2025-04-04 05:25:29','192.168.1.18',1),(126,21,'2025-04-04 05:29:14','192.168.1.18',1),(127,21,'2025-04-04 05:36:04','192.168.1.18',1),(128,21,'2025-04-04 05:41:32','192.168.1.18',1),(129,21,'2025-04-04 05:59:22','192.168.1.18',1),(130,21,'2025-04-04 06:05:44','192.168.1.18',1),(131,21,'2025-04-04 06:31:43','192.168.1.18',1),(132,21,'2025-04-04 06:33:50','192.168.1.18',1),(133,21,'2025-04-04 06:35:38','192.168.1.18',1),(134,21,'2025-04-04 06:36:21','192.168.1.18',1),(135,21,'2025-04-04 06:36:59','192.168.1.18',1),(136,21,'2025-04-04 07:05:38','192.168.1.18',1),(137,21,'2025-04-04 07:08:31','192.168.1.18',1),(138,21,'2025-04-04 07:12:56','192.168.1.18',1),(139,21,'2025-04-04 07:17:55','192.168.1.18',1),(140,21,'2025-04-04 07:22:27','192.168.1.18',1),(141,21,'2025-04-04 07:22:53','192.168.1.18',1),(142,21,'2025-04-04 07:27:46','192.168.1.18',1),(143,21,'2025-04-04 07:41:16','192.168.1.18',1),(144,21,'2025-04-04 07:42:49','192.168.1.18',1),(145,21,'2025-04-04 07:43:45','192.168.1.18',1),(146,21,'2025-04-04 07:45:28','192.168.1.18',1),(147,21,'2025-04-04 07:47:25','192.168.1.18',1),(148,21,'2025-04-04 07:49:15','192.168.1.18',1),(149,21,'2025-04-04 07:50:29','192.168.1.18',1),(150,21,'2025-04-04 07:53:42','192.168.1.18',1),(151,21,'2025-04-04 07:55:11','192.168.1.18',1),(152,21,'2025-04-04 07:57:46','192.168.1.18',1),(153,21,'2025-04-04 07:58:25','192.168.1.18',1),(154,21,'2025-04-04 08:00:03','192.168.1.18',1),(155,21,'2025-04-04 08:01:07','192.168.1.18',1),(156,21,'2025-04-04 08:31:55','192.168.1.18',1),(157,21,'2025-04-04 08:33:17','192.168.1.18',1),(158,21,'2025-04-04 08:34:35','192.168.1.18',1),(159,21,'2025-04-04 12:10:43','192.168.1.18',1),(160,21,'2025-04-04 12:13:03','192.168.1.18',1),(161,21,'2025-04-04 12:19:50','192.168.1.18',1),(162,21,'2025-04-04 12:22:04','192.168.1.18',1),(163,21,'2025-04-04 12:23:44','192.168.1.18',1),(164,21,'2025-04-04 12:24:12','192.168.1.18',1),(165,21,'2025-04-04 12:25:33','192.168.1.18',1),(166,21,'2025-04-04 12:26:10','192.168.1.18',1),(167,21,'2025-04-04 12:27:55','192.168.1.18',1),(168,21,'2025-04-04 12:30:08','192.168.1.18',1),(169,21,'2025-04-04 12:32:21','192.168.1.18',0),(170,21,'2025-04-04 12:32:26','192.168.1.18',1),(171,21,'2025-04-04 12:35:28','192.168.1.18',0),(172,21,'2025-04-04 12:35:31','192.168.1.18',1),(173,21,'2025-04-04 12:37:42','192.168.1.18',1),(174,21,'2025-04-04 12:40:34','192.168.1.18',1),(175,21,'2025-04-04 12:41:14','192.168.1.18',1),(176,21,'2025-04-04 12:42:04','192.168.1.18',1),(177,21,'2025-04-04 12:43:37','192.168.1.18',1),(178,21,'2025-04-04 12:48:42','192.168.1.18',1),(179,21,'2025-04-04 12:49:58','192.168.1.18',1),(180,21,'2025-04-04 12:50:27','192.168.1.18',1),(181,21,'2025-04-04 12:51:11','192.168.1.18',1),(182,21,'2025-04-04 12:51:53','192.168.1.18',1),(183,21,'2025-04-04 12:54:06','192.168.1.18',1),(184,21,'2025-04-04 12:55:28','192.168.1.18',1),(185,21,'2025-04-04 12:56:48','192.168.1.18',1),(186,21,'2025-04-04 12:57:27','192.168.1.18',1),(187,21,'2025-04-04 12:58:27','192.168.1.18',1),(188,21,'2025-04-04 12:58:59','192.168.1.18',1),(189,21,'2025-04-04 13:02:22','192.168.1.18',1),(190,21,'2025-04-04 13:02:49','192.168.1.18',1),(191,21,'2025-04-04 13:04:56','192.168.1.18',1),(192,21,'2025-04-04 13:04:56','192.168.1.18',1),(193,21,'2025-04-04 13:10:33','192.168.1.18',1),(194,21,'2025-04-04 13:13:53','192.168.1.18',1),(195,21,'2025-04-04 13:15:09','192.168.1.18',1),(196,21,'2025-04-04 13:23:50','192.168.1.18',1),(197,22,'2025-04-06 05:27:02','192.168.1.18',1),(198,22,'2025-04-06 05:29:59','192.168.1.18',1),(199,21,'2025-04-06 05:33:40','192.168.1.18',1),(200,21,'2025-04-07 06:57:28','192.168.1.18',1),(201,21,'2025-04-07 07:13:17','192.168.1.18',1),(202,21,'2025-04-07 07:26:16','192.168.1.18',1),(203,21,'2025-04-07 07:30:06','192.168.1.18',1),(204,21,'2025-04-07 07:42:10','192.168.1.18',1),(205,21,'2025-04-07 07:48:41','192.168.1.18',1),(206,16,'2025-04-07 07:49:00','192.168.1.18',0),(207,16,'2025-04-07 07:49:04','192.168.1.18',1),(208,21,'2025-04-07 07:50:14','192.168.1.18',1),(209,21,'2025-04-07 07:54:04','192.168.1.18',1),(210,21,'2025-04-07 07:57:19','192.168.1.18',1),(211,21,'2025-04-07 07:58:11','192.168.1.18',1),(212,23,'2025-04-07 08:51:36','192.168.1.18',1),(213,23,'2025-04-07 08:51:49','192.168.1.18',0),(214,23,'2025-04-07 08:51:54','192.168.1.18',0),(215,21,'2025-04-07 08:52:00','192.168.1.18',1),(216,23,'2025-04-07 08:52:29','192.168.1.18',1),(217,23,'2025-04-07 08:54:36','192.168.1.18',1),(218,23,'2025-04-07 08:59:25','192.168.1.18',1),(219,23,'2025-04-07 09:01:27','192.168.1.18',1),(220,23,'2025-04-07 09:31:54','192.168.1.18',1),(221,23,'2025-04-07 09:34:30','192.168.1.18',1),(222,23,'2025-04-07 09:36:34','192.168.1.18',1),(223,23,'2025-04-07 09:37:48','192.168.1.18',1),(224,23,'2025-04-07 09:39:15','192.168.1.18',1),(225,23,'2025-04-07 09:40:57','192.168.1.18',1),(226,23,'2025-04-07 09:42:54','192.168.1.18',1),(227,23,'2025-04-07 09:43:52','192.168.1.18',1),(228,23,'2025-04-07 09:44:43','192.168.1.18',1),(229,23,'2025-04-07 09:46:21','192.168.1.18',1),(230,23,'2025-04-07 11:52:34','192.168.1.18',1),(231,23,'2025-04-07 12:30:29','192.168.1.18',1),(232,23,'2025-04-07 12:37:14','192.168.1.18',1),(233,21,'2025-04-07 12:38:07','192.168.1.18',1),(234,23,'2025-04-07 12:39:17','192.168.1.18',1),(235,23,'2025-04-07 12:46:09','192.168.1.18',1),(236,23,'2025-04-07 12:46:34','192.168.1.18',1),(237,23,'2025-04-07 12:47:28','192.168.1.18',1),(238,23,'2025-04-07 12:48:44','192.168.1.18',1),(239,23,'2025-04-07 12:50:54','192.168.1.18',1),(240,23,'2025-04-07 12:52:44','192.168.1.18',1),(241,23,'2025-04-07 12:56:04','192.168.1.18',1),(242,23,'2025-04-07 12:57:48','192.168.1.18',1),(243,23,'2025-04-07 12:58:53','192.168.1.18',1),(244,23,'2025-04-07 13:00:37','192.168.1.18',1),(245,23,'2025-04-07 13:04:55','192.168.1.18',1),(246,23,'2025-04-07 13:06:18','192.168.1.18',1),(247,23,'2025-04-07 13:08:56','192.168.1.18',1),(248,23,'2025-04-07 13:09:42','192.168.1.18',1),(249,23,'2025-04-07 13:10:22','192.168.1.18',1),(250,23,'2025-04-07 13:11:00','192.168.1.18',1),(251,23,'2025-04-07 13:12:00','192.168.1.18',1),(252,23,'2025-04-07 13:12:39','192.168.1.18',1),(253,23,'2025-04-07 13:13:09','192.168.1.18',0),(254,23,'2025-04-07 13:13:15','192.168.1.18',1),(255,23,'2025-04-07 13:13:53','192.168.1.18',1),(256,23,'2025-04-08 06:42:49','192.168.1.18',1),(257,23,'2025-04-08 06:51:53','192.168.1.18',1),(258,23,'2025-04-08 06:53:25','192.168.1.18',1),(259,21,'2025-04-08 06:56:16','192.168.1.18',1),(260,21,'2025-04-08 07:17:53','192.168.1.18',1),(261,21,'2025-04-08 07:21:49','192.168.1.18',1),(262,21,'2025-04-08 07:24:42','192.168.1.18',1),(263,21,'2025-04-08 07:27:27','192.168.1.18',1),(264,21,'2025-04-08 07:30:08','192.168.1.18',1),(265,21,'2025-04-08 07:31:09','192.168.1.18',1),(266,21,'2025-04-08 07:36:26','192.168.1.18',1),(267,23,'2025-04-08 07:43:37','192.168.1.18',1),(268,23,'2025-04-08 07:45:14','192.168.1.18',1),(269,21,'2025-04-08 07:48:47','192.168.1.18',1),(270,21,'2025-04-08 07:50:46','192.168.1.18',1),(271,21,'2025-04-08 07:51:05','192.168.1.18',1),(272,21,'2025-04-08 07:55:47','192.168.1.18',1),(273,26,'2025-04-08 07:57:16','192.168.1.18',1),(274,26,'2025-04-08 08:01:59','192.168.1.18',1),(275,26,'2025-04-08 08:02:48','192.168.1.18',1),(276,27,'2025-04-08 08:06:04','192.168.1.18',1),(277,27,'2025-04-08 08:06:28','192.168.1.18',1),(278,23,'2025-04-08 08:08:20','192.168.1.18',1),(279,21,'2025-04-08 08:09:05','192.168.1.18',1),(280,21,'2025-04-08 10:11:58','192.168.1.18',1),(281,21,'2025-04-08 11:03:14','192.168.1.18',1),(282,21,'2025-04-09 08:14:32','192.168.1.18',1);
/*!40000 ALTER TABLE `login_logs` ENABLE KEYS */;
UNLOCK TABLES;

--
-- Table structure for table `reports`
--

DROP TABLE IF EXISTS `reports`;
/*!40101 SET @saved_cs_client     = @@character_set_client */;
/*!50503 SET character_set_client = utf8mb4 */;
CREATE TABLE `reports` (
  `id` int(11) NOT NULL AUTO_INCREMENT,
  `user_id` int(11) NOT NULL,
  `message` text NOT NULL,
  `submitted_at` timestamp NOT NULL DEFAULT current_timestamp(),
  PRIMARY KEY (`id`),
  KEY `user_id` (`user_id`),
  CONSTRAINT `reports_ibfk_1` FOREIGN KEY (`user_id`) REFERENCES `users` (`id`)
) ENGINE=InnoDB AUTO_INCREMENT=4 DEFAULT CHARSET=utf8mb4 COLLATE=utf8mb4_general_ci;
/*!40101 SET character_set_client = @saved_cs_client */;

--
-- Dumping data for table `reports`
--

LOCK TABLES `reports` WRITE;
/*!40000 ALTER TABLE `reports` DISABLE KEYS */;
INSERT INTO `reports` VALUES (2,21,'Tisztelt\nasd\nasd','2025-04-08 07:27:39'),(3,27,'Tisztelt MBank!\nJó a cucc!','2025-04-08 08:08:10');
/*!40000 ALTER TABLE `reports` ENABLE KEYS */;
UNLOCK TABLES;

--
-- Table structure for table `transactions`
--

DROP TABLE IF EXISTS `transactions`;
/*!40101 SET @saved_cs_client     = @@character_set_client */;
/*!50503 SET character_set_client = utf8mb4 */;
CREATE TABLE `transactions` (
  `id` int(11) NOT NULL AUTO_INCREMENT,
  `from_account` int(11) DEFAULT NULL,
  `to_account` int(11) DEFAULT NULL,
  `amount` decimal(15,2) NOT NULL,
  `currency` varchar(3) DEFAULT 'HUF',
  `message` text DEFAULT NULL,
  `timestamp` timestamp NOT NULL DEFAULT current_timestamp(),
  PRIMARY KEY (`id`),
  KEY `from_account` (`from_account`),
  KEY `to_account` (`to_account`),
  CONSTRAINT `transactions_ibfk_1` FOREIGN KEY (`from_account`) REFERENCES `accounts` (`id`),
  CONSTRAINT `transactions_ibfk_2` FOREIGN KEY (`to_account`) REFERENCES `accounts` (`id`)
) ENGINE=InnoDB AUTO_INCREMENT=35 DEFAULT CHARSET=utf8mb4 COLLATE=utf8mb4_general_ci;
/*!40101 SET character_set_client = @saved_cs_client */;

--
-- Dumping data for table `transactions`
--

LOCK TABLES `transactions` WRITE;
/*!40000 ALTER TABLE `transactions` DISABLE KEYS */;
INSERT INTO `transactions` VALUES (2,5,6,15000.00,'HUF',NULL,'2025-04-02 09:23:46'),(3,5,6,15000.00,'HUF',NULL,'2025-04-02 09:26:50'),(4,5,6,20000.00,'HUF',NULL,'2025-04-02 12:51:43'),(5,5,7,50000.00,'HUF',NULL,'2025-04-02 12:57:52'),(6,7,6,500.00,'HUF',NULL,'2025-04-02 13:05:51'),(7,7,5,500.00,'HUF',NULL,'2025-04-02 14:24:37'),(8,7,5,500.00,'HUF',NULL,'2025-04-02 14:27:14'),(9,7,5,600.00,'HUF',NULL,'2025-04-02 14:27:29'),(10,7,3,456.00,'HUF',NULL,'2025-04-02 14:32:18'),(11,5,7,499.00,'HUF',NULL,'2025-04-02 14:33:06'),(12,7,6,20.00,'HUF',NULL,'2025-04-02 14:40:11'),(13,7,6,44.00,'HUF',NULL,'2025-04-02 15:00:39'),(14,6,7,66.00,'HUF',NULL,'2025-04-02 15:01:10'),(15,7,3,699.00,'HUF',NULL,'2025-04-04 05:16:07'),(16,7,2,999.00,'HUF',NULL,'2025-04-04 07:44:11'),(17,8,7,5400.00,'HUF',NULL,'2025-04-06 05:30:35'),(18,2,7,1099.00,'HUF','Kajára','2025-04-07 07:49:50'),(19,2,7,299.00,'HUF','','2025-04-07 07:49:57'),(20,7,9,500000.00,'HUF','Autóra','2025-04-08 07:51:55'),(21,7,11,500000.00,'HUF','Biciklire','2025-04-08 07:52:09'),(22,7,11,5000000.00,'HUF','','2025-04-08 07:52:18'),(23,7,11,5.00,'HUF','','2025-04-08 07:56:06'),(24,12,7,500.00,'HUF','','2025-04-08 08:03:00'),(25,12,7,499.00,'HUF','','2025-04-08 08:03:10'),(26,12,7,488.00,'HUF','','2025-04-08 08:03:15'),(27,12,7,300.00,'HUF','','2025-04-08 08:03:18'),(28,12,7,200.00,'HUF','','2025-04-08 08:03:20'),(29,12,7,150.00,'HUF','','2025-04-08 08:03:22'),(30,13,12,500.00,'HUF','','2025-04-08 08:06:46'),(31,13,12,345.00,'HUF','','2025-04-08 08:07:03'),(32,13,2,345.00,'HUF','','2025-04-08 08:07:17'),(33,13,2,345.00,'HUF','xdddd','2025-04-08 08:07:21'),(34,7,13,5000.00,'HUF','','2025-04-08 10:12:25');
/*!40000 ALTER TABLE `transactions` ENABLE KEYS */;
UNLOCK TABLES;

--
-- Table structure for table `users`
--

DROP TABLE IF EXISTS `users`;
/*!40101 SET @saved_cs_client     = @@character_set_client */;
/*!50503 SET character_set_client = utf8mb4 */;
CREATE TABLE `users` (
  `id` int(11) NOT NULL AUTO_INCREMENT,
  `user_name` varchar(50) NOT NULL,
  `first_name` varchar(100) NOT NULL,
  `last_name` varchar(100) NOT NULL,
  `password` varchar(255) NOT NULL,
  `email` varchar(100) DEFAULT NULL,
  `phone` varchar(20) DEFAULT NULL,
  `status` enum('active','suspended','deleted') DEFAULT 'active',
  `created_at` timestamp NOT NULL DEFAULT current_timestamp(),
  `updated_at` timestamp NOT NULL DEFAULT current_timestamp() ON UPDATE current_timestamp(),
  PRIMARY KEY (`id`),
  UNIQUE KEY `user_name` (`user_name`),
  UNIQUE KEY `unique_email` (`email`),
  KEY `idx_username` (`user_name`),
  KEY `idx_email` (`email`)
) ENGINE=InnoDB AUTO_INCREMENT=68 DEFAULT CHARSET=utf8mb4 COLLATE=utf8mb4_general_ci;
/*!40101 SET character_set_client = @saved_cs_client */;

--
-- Dumping data for table `users`
--

LOCK TABLES `users` WRITE;
/*!40000 ALTER TABLE `users` DISABLE KEYS */;
INSERT INTO `users` VALUES (1,'teszt_elek','Teszt','Elek','hashed_password_123','teszt.elek@mbank.hu','+36123456789','suspended','2025-03-28 13:19:16','2025-03-30 13:54:31'),(14,'Mark1337','Márk','Madarász','7c222fb2927d828af22f592134e8932480637c0d','madaraszmark007@gmail.com','+36709486881','active','2025-03-30 14:16:16','2025-03-30 14:16:16'),(16,'JOIEI01','Bendegúz','Farkas','7c222fb2927d828af22f592134e8932480637c0d','farkasbandi01@gmail.com','+36305647854','active','2025-03-30 16:29:18','2025-03-30 16:29:18'),(17,'boros01','József','Borsos','c156ebc530982ac3a99ea2773a6a83b0ce96b9b9','borsosjozsef@gmail.com','+36308769432','active','2025-03-31 06:44:48','2025-03-31 06:44:48'),(19,'Mate01','Máté','Banka','38364aaad7822246601f1aad71bdb394acfb2c98','bankamate01@gmail.com','+36302118564','active','2025-04-02 08:16:54','2025-04-02 08:16:54'),(20,'jani07','János','Kovács','38364aaad7822246601f1aad71bdb394acfb2c98','janos@gmail.com','+36204445678','active','2025-04-02 08:30:42','2025-04-03 11:16:36'),(21,'MadaraszMark','Márk','Madarász','38364aaad7822246601f1aad71bdb394acfb2c98','madaraszmark461@gmail.com','+36709486882','active','2025-04-02 12:56:58','2025-04-02 12:56:58'),(22,'vig nora','Nóra','Vig ','1494bbcf94b96676781090fc591f6d27d5c613ae','norcimorcika2@gmail.com','+36202183458','active','2025-04-06 07:26:46','2025-04-06 07:28:36'),(23,'admin','admin','admin','bca8132fbfaa85fcb91bec64dd7b71d8a5aa44f8','admin@gmail.com','+36301231234','active','2025-04-07 10:51:28','2025-04-07 10:51:28'),(25,'tesztjanos01','Janos','Teszt','e1794a744abf405a0d1c8bee81a909de329ff7f4','janosteszt@gmail.com','+36208564322','active','2025-04-07 10:55:54','2025-04-07 10:55:54'),(26,'MadaraszAnita','Anita','Madarász','38364aaad7822246601f1aad71bdb394acfb2c98','anita@floraland.hu','+36701235674','active','2025-04-08 09:57:08','2025-04-08 09:57:08'),(27,'asdASD','asd','asd','26cad8a51f4cdbbaea63e9bcf3226b19a97061e6','asd01@gmail.com','+367098765643','active','2025-04-08 10:05:58','2025-04-08 10:07:55');
/*!40000 ALTER TABLE `users` ENABLE KEYS */;
UNLOCK TABLES;
/*!40103 SET TIME_ZONE=@OLD_TIME_ZONE */;

/*!40101 SET SQL_MODE=@OLD_SQL_MODE */;
/*!40014 SET FOREIGN_KEY_CHECKS=@OLD_FOREIGN_KEY_CHECKS */;
/*!40014 SET UNIQUE_CHECKS=@OLD_UNIQUE_CHECKS */;
/*!40101 SET CHARACTER_SET_CLIENT=@OLD_CHARACTER_SET_CLIENT */;
/*!40101 SET CHARACTER_SET_RESULTS=@OLD_CHARACTER_SET_RESULTS */;
/*!40101 SET COLLATION_CONNECTION=@OLD_COLLATION_CONNECTION */;
/*!40111 SET SQL_NOTES=@OLD_SQL_NOTES */;

-- Dump completed on 2025-04-09 10:25:42
